{
    "now": "2025-04-03T02:00:56.416Z",
    "perfNow": 30100.299999952316,
    "diagnosticCorrelation": "61ad5116-25c8-4b05-8406-7a90ffe917c7",
    "source": "DownloadSupportFiles",
    "environment": {
        "productName": "adf",
        "buildVersion": "1.0.040125.0",
        "environmentType": 3,
        "resourceName": "vinodaff001",
        "resourceRegion": "eastus",
        "resourceGroup": "Netflixregion",
        "subscriptionId": "fdb84d3f-d7d4-4158-9dd4-452040a7a21a",
        "sessionId": "ig3+N2LByxha5947aM6Kpb",
        "operationId": "",
        "gitType": "live",
        "loggingKey": "9bacabc9-529f-42d1-8238-40578e782dc2"
    },
    "additionalInfo": {
        "selectedResource": "Bootcamp_1",
        "selectedResourceType": "pipeline"
    }
}