{
    "name": "SqlServer1",
    "type": "Microsoft.DataFactory/factories/linkedservices",
    "properties": {
        "annotations": [],
        "type": "SqlServer",
        "typeProperties": {
            "server": "localhost\\SQLEXPRESS",
            "database": "testdb",
            "encrypt": "mandatory",
            "trustServerCertificate": true,
            "authenticationType": "SQL",
            "userName": "sa",
            "password": {
                "type": "AzureKeyVaultSecret",
                "store": {
                    "referenceName": "AzureKeyVault1",
                    "type": "LinkedServiceReference"
                },
                "secretName": "sa"
            }
        },
        "connectVia": {
            "referenceName": "integrationRuntimeSH",
            "type": "IntegrationRuntimeReference"
        }
    }
}