{
    "name": "ds_bolb",
    "properties": {
        "linkedServiceName": {
            "referenceName": "ls_AzureBlobStorage1",
            "type": "LinkedServiceReference"
        },
        "annotations": [],
        "type": "Binary",
        "typeProperties": {
            "location": {
                "type": "AzureBlobStorageLocation",
                "folderPath": "Bolb",
                "container": "output"
            }
        }
    },
    "type": "Microsoft.DataFactory/factories/datasets"
}