{
    "name": "ds_DelimitedText1",
    "properties": {
        "linkedServiceName": {
            "referenceName": "AzureDataLakeStorage",
            "type": "LinkedServiceReference"
        },
        "parameters": {
            "Table_name": {
                "type": "String"
            },
            "SchemaName": {
                "type": "string"
            }
        },
        "annotations": [],
        "type": "DelimitedText",
        "typeProperties": {
            "location": {
                "type": "AzureBlobFSLocation",
                "fileName": {
                    "value": "@{concat(dataset().Table_name,'.csv')}",
                    "type": "Expression"
                },
                "folderPath": "Bronze",
                "fileSystem": "output"
            },
            "columnDelimiter": ",",
            "escapeChar": "\\",
            "firstRowAsHeader": true,
            "quoteChar": "\""
        },
        "schema": [
            {
                "name": "CustomerID",
                "type": "String"
            },
            {
                "name": "CustomerName",
                "type": "String"
            },
            {
                "name": "Email",
                "type": "String"
            },
            {
                "name": "Phone",
                "type": "String"
            },
            {
                "name": "City",
                "type": "String"
            },
            {
                "name": "Country",
                "type": "String"
            }
        ]
    },
    "type": "Microsoft.DataFactory/factories/datasets"
}