{
    "name": "ds_gen2",
    "properties": {
        "linkedServiceName": {
            "referenceName": "AzureDataLakeStorage",
            "type": "LinkedServiceReference"
        },
        "annotations": [],
        "type": "Binary",
        "typeProperties": {
            "location": {
                "type": "AzureBlobFSLocation",
                "folderPath": "Bronze",
                "fileSystem": "output"
            }
        }
    },
    "type": "Microsoft.DataFactory/factories/datasets"
}