{
    "name": "DS_SqlServerTable",
    "properties": {
        "linkedServiceName": {
            "referenceName": "SqlServer1",
            "type": "LinkedServiceReference"
        },
        "parameters": {
            "schema_name": {
                "type": "String",
                "defaultValue": "dbo"
            },
            "Table": {
                "type": "String"
            }
        },
        "annotations": [],
        "type": "SqlServerTable",
        "schema": [],
        "typeProperties": {
            "schema": {
                "value": "@dataset().schema_name",
                "type": "Expression"
            },
            "table": {
                "value": "@dataset().Table",
                "type": "Expression"
            }
        }
    },
    "type": "Microsoft.DataFactory/factories/datasets"
}