{
    "name": "Json7",
    "properties": {
        "linkedServiceName": {
            "referenceName": "AzureDataLakeStorage",
            "type": "LinkedServiceReference"
        },
        "annotations": [],
        "type": "Json",
        "typeProperties": {
            "location": {
                "type": "AzureBlobFSLocation",
                "fileName": "sales_sample.json",
                "folderPath": "Bronze",
                "fileSystem": "output"
            }
        },
        "schema": {
            "type": "object",
            "properties": {
                "SaleID": {
                    "type": "number"
                },
                "CustomerID": {
                    "type": "number"
                },
                "ProductID": {
                    "type": "integer"
                },
                "SaleDate": {
                    "type": "string"
                },
                "Quantity": {
                    "type": "integer"
                },
                "TotalAmount": {
                    "type": "number"
                }
            }
        }
    },
    "type": "Microsoft.DataFactory/factories/datasets"
}