{
    "name": "json_sink",
    "properties": {
        "linkedServiceName": {
            "referenceName": "AzureDataLakeStorage",
            "type": "LinkedServiceReference"
        },
        "annotations": [],
        "type": "DelimitedText",
        "typeProperties": {
            "location": {
                "type": "AzureBlobFSLocation",
                "folderPath": "Silver",
                "fileSystem": "output"
            },
            "columnDelimiter": ",",
            "escapeChar": "\\",
            "firstRowAsHeader": true,
            "quoteChar": "\""
        },
        "schema": [
            {
                "name": "CustomerID",
                "type": "String"
            },
            {
                "name": "CustomerName",
                "type": "String"
            },
            {
                "name": "Email",
                "type": "String"
            },
            {
                "name": "Phone",
                "type": "String"
            },
            {
                "name": "City",
                "type": "String"
            },
            {
                "name": "Country",
                "type": "String"
            }
        ]
    },
    "type": "Microsoft.DataFactory/factories/datasets"
}