{
    "name": "products_table",
    "properties": {
        "linkedServiceName": {
            "referenceName": "AzureDataLakeStorage",
            "type": "LinkedServiceReference"
        },
        "annotations": [],
        "type": "DelimitedText",
        "typeProperties": {
            "location": {
                "type": "AzureBlobFSLocation",
                "fileName": "Products.csv",
                "folderPath": "Silver",
                "fileSystem": "output"
            },
            "columnDelimiter": ",",
            "escapeChar": "\\",
            "firstRowAsHeader": true,
            "quoteChar": "\""
        },
        "schema": [
            {
                "name": "ProductID",
                "type": "String"
            },
            {
                "name": "ProductName",
                "type": "String"
            },
            {
                "name": "StockQuantity",
                "type": "String"
            },
            {
                "name": "Category",
                "type": "String"
            },
            {
                "name": "TotalPrice",
                "type": "String"
            }
        ]
    },
    "type": "Microsoft.DataFactory/factories/datasets"
}