{
    "name": "sales_fact",
    "properties": {
        "linkedServiceName": {
            "referenceName": "AzureDataLakeStorage",
            "type": "LinkedServiceReference"
        },
        "annotations": [],
        "type": "DelimitedText",
        "typeProperties": {
            "location": {
                "type": "AzureBlobFSLocation",
                "fileName": "sales.csv",
                "folderPath": "Silver",
                "fileSystem": "output"
            },
            "columnDelimiter": ",",
            "escapeChar": "\\",
            "firstRowAsHeader": true,
            "quoteChar": "\""
        },
        "schema": [
            {
                "name": "CustomerID",
                "type": "String"
            },
            {
                "name": "ProductID",
                "type": "String"
            },
            {
                "name": "Quantity",
                "type": "String"
            },
            {
                "name": "SaleDate",
                "type": "String"
            },
            {
                "name": "SaleID",
                "type": "String"
            },
            {
                "name": "TotalAmount",
                "type": "String"
            },
            {
                "name": "Amount",
                "type": "String"
            },
            {
                "name": "Category",
                "type": "String"
            },
            {
                "name": "Date",
                "type": "String"
            },
            {
                "name": "ID",
                "type": "String"
            },
            {
                "name": "Itemvalue1",
                "type": "String"
            },
            {
                "name": "Itemvalue2",
                "type": "String"
            },
            {
                "name": "Itemvalue3",
                "type": "String"
            }
        ]
    },
    "type": "Microsoft.DataFactory/factories/datasets"
}